step,run_0,run_1,run_2,run_3
2048,-0.0033473050832981,-0.0049068385953432,-0.0051723887416301,-0.004291839171492029
4096,-0.0044851143713458,-0.0062647041500895,-0.0049363398269633,-0.004655741536407731
6144,-0.0094764785433653,-0.0094733059013378,-0.0068152359177474,-0.010455015535990242
8192,-0.0083012013274128,-0.0123980316886445,-0.0112472311535384,-0.012649544759187847
10240,-0.0105252602719701,-0.0099893003796751,-0.0104398432151356,-0.009326980005425867
12288,-0.0132732803802355,-0.01004684696818,-0.011566088044492,-0.008419524159398862
14336,-0.009482297503564,-0.0096987314464058,-0.0117108743717835,-0.008741356997052207
16384,-0.0123581037260009,-0.0118315799147239,-0.0141978418439975,-0.008492691309947986
18432,-0.0156829413885134,-0.0128830134170129,-0.0078380413324339,-0.007291801979590673
20480,-0.0109140351778478,-0.0150899065862176,-0.0099570666207,-0.010077124531380832
22528,-0.0084639301334391,-0.0100044076520134,-0.0141815655384561,-0.010039043035067152
24576,-0.0092258510434476,-0.0100933405803516,-0.0131166110033518,-0.013695959534379654
26624,-0.0105296102410648,-0.0098129505524411,-0.0138210779099608,-0.012444237625459209
28672,-0.0120451661001425,-0.0118952280390658,-0.0128591481960029,-0.010501330109400442
30720,-0.0084881114962627,-0.0113841200021852,-0.0083428847559844,-0.008955615990271327
32768,-0.0089417213239357,-0.0135085675647133,-0.0077583726611919,-0.012067330464196857
34816,-0.0090913058491423,-0.0152471790381241,-0.0074984628619858,-0.01318443468044279
36864,-0.0096448108495678,-0.0139031808183062,-0.0128022907476406,-0.013481318205595016
38912,-0.0105303539727174,-0.008446111610101,-0.0129876872146269,-0.007012441141705494
40960,-0.0079030378641618,-0.0123122703203989,-0.0129160239346674,-0.01263515658210963
43008,-0.0099890236349892,-0.0130649366401485,-0.0125995696274912,-0.009726268111262471
45056,-0.0140325551808928,-0.0088985591835808,-0.0124589912040391,-0.012475630735571031
47104,-0.0112733162313816,-0.0068540988315362,-0.0088621453862288,-0.012308085028780624
49152,-0.0109598048496991,-0.0100900544144678,-0.0092478747028508,-0.009267457968962844
51200,-0.0085879514750558,-0.0073606583406217,-0.0125304176850477,-0.007268521533114835
53248,-0.0095445944316452,-0.0071095405743108,-0.0094206154350104,-0.011091725874575787
55296,-0.0105867948237573,-0.0099761093195411,-0.0091155770540353,-0.008057663804356708
57344,-0.0094408346994896,-0.0090240884514059,-0.0118642421177355,-0.010437236537109129
59392,-0.0125059108162531,-0.0083446070711943,-0.0085274315257265,-0.007511555725795915
61440,-0.0125872757271281,-0.0088213275535963,-0.0074699807286378,-0.011052860767813399
63488,-0.0129473428140045,-0.0074415677692741,-0.0095436129435256,-0.008180546161383973
65536,-0.0098927830273169,-0.0101619139531976,-0.0090198083169525,-0.008578770492749754
67584,-0.0108618990707327,-0.0093017824765411,-0.0103213687849347,-0.012562303007871378
69632,-0.0091842358175199,-0.0065802811906905,-0.0078805492114042,-0.008196795789262978
71680,-0.0068270228104665,-0.0075182897839113,-0.0105578468370367,-0.010336180559534114
73728,-0.0079776074402616,-0.0071896980894962,-0.0078388893496594,-0.008719154677237384
75776,-0.0065929377888096,-0.0069360962261271,-0.0076685611231368,-0.007918345798680093
77824,-0.0078835268177499,-0.0063617270730901,-0.0049714277833118,-0.01089040606020717
79872,-0.009821545460727,-0.0071153914512251,-0.010070885294408,-0.008924644668877591
81920,-0.0070453392443596,-0.0105425634501443,-0.0076576549276069,-0.01180104637896875
83968,-0.008799165309756,-0.0097291129699442,-0.0072738233786367,-0.006932020292151719
86016,-0.0073403641581535,-0.0099954013479873,-0.0089379337325226,-0.007221575581934303
88064,-0.0079459825137746,-0.009293686451565,-0.0091471067818929,-0.008843178427196108
90112,-0.012953653675504,-0.0088277904273127,-0.0085637305950513,-0.009982019936433061
92160,-0.0071191310795256,-0.0081983473035506,-0.0068481831454846,-0.007925612860708498
94208,-0.0085521125380182,-0.0075230425412883,-0.0086554573070316,-0.008133046184229897
96256,-0.0073791816423181,-0.0079971201557782,-0.0086267614577081,-0.007927661275607534
98304,-0.0089294202742166,-0.0066762397589627,-0.0072533361017121,-0.007357071252772585
100352,-0.0078685797154321,-0.0074595118203433,-0.0076210089784581,-0.00977860225684708
102400,-0.0095634056240669,-0.008754159855016,-0.0080156153650023,-0.008032404593541287
104448,-0.0082826100224338,-0.0071829894630354,-0.0110526893789938,-0.008172216681850841
106496,-0.0079296426207292,-0.0062679558250238,-0.0068422632975853,-0.008442275958077516
108544,-0.0071921180060599,-0.0088564807505463,-0.0090351361155626,-0.010956271596660372
110592,-0.0075421189787448,-0.0094373238927801,-0.0072694204325671,-0.005211707614944316
112640,-0.009462720027659,-0.0108514475577976,-0.0086175328018725,-0.008689438427973073
114688,-0.0079703335140948,-0.0110859505766711,-0.0066300686543399,-0.007740502853994258
116736,-0.0097982100021908,-0.0104674496731604,-0.0076361279818229,-0.009397000567696523
118784,-0.0077611870583496,-0.0100689890765352,-0.008828046558483,-0.008265186658536549
120832,-0.0078915209174738,-0.007560171962541,-0.0086706255700846,-0.007978897164866794
122880,-0.0044338281637465,-0.0089069805282633,-0.0048573248946922,-0.009438620848231948
124928,-0.0100209349737269,-0.0090580234274966,-0.0079070384424994,-0.010206124930118677
126976,-0.0091576037397317,-0.0090610999759519,-0.0103100031163194,-0.0070738085385528395
129024,-0.0081866140360943,-0.0087372922163922,-0.0072137246505008,-0.007963632796599996
131072,-0.0069626871496438,-0.0074812629594816,-0.0077804300904972,-0.009137107769493013
133120,-0.0081174918203032,-0.0097556534528848,-0.0083105401528882,-0.008424557633406948
135168,-0.0083691604319028,-0.0074438923518755,-0.0080390239454573,-0.007044753182708518
137216,-0.0068224123780964,-0.0057790683611528,-0.0100394644061452,-0.008295836261822842
139264,-0.0039066705328878,-0.0083772205078275,-0.0060678649708279,-0.008723848585214
141312,-0.0079516158446494,-0.0062279952020617,-0.0088591580904903,-0.008132204406138044
143360,-0.0077524292864836,-0.0079060872383706,-0.0082452008340624,-0.008351134088297841
145408,-0.0043876225499843,-0.0074102803155255,-0.0078976309523568,-0.007221284831030061
147456,-0.0075735802216513,-0.0052387089745025,-0.0063437785371206,-0.006957980745937675
149504,-0.0078856862681277,-0.0064987981866579,-0.0053210740195936,-0.006066498691507149
151552,-0.0062864837920642,-0.0071529650245793,-0.0051837320439517,-0.007917591725708916
153600,-0.0070982459321385,-0.0049675971764372,-0.0069188433000817,-0.008794532030879054
155648,-0.0059385620828834,-0.0074537784908898,-0.0042102763902221,-0.006337725613411749
157696,-0.0064711664832429,-0.0061082972330041,-0.0073903621276258,-0.0059781687159556895
159744,-0.0055496895394753,-0.0070221307592873,-0.0051693951070774,-0.006358825096685905
161792,-0.0058741212786117,-0.0083441512208082,-0.0079351773878443,-0.006128223802079447
163840,-0.0046713503441424,-0.0101686326794151,-0.0072558298910735,-0.007493318575143348
165888,-0.0064412908453959,-0.0058860089004156,-0.0020567518455209,-0.009686260158196092
167936,-0.0093049297582183,-0.0065975179924862,-0.0033211311674676,-0.006393751816358417
169984,-0.0049728879734175,-0.0063189600521582,-0.0068241628221585,-0.005965928118530428
172032,-0.0030796495935646,-0.0067258835682878,-0.006610645056935,-0.005933807908149902
174080,-0.0090473150339676,-0.0066397464877809,-0.0052954056591261,-0.006091063299390953
176128,-0.0072450843363185,-0.0090991529723396,-0.0045869607871281,-0.008993982526590116
178176,-0.0039171079391962,-0.0087766206954256,-0.0095702206272108,-0.0059235790889943015
180224,-0.0041968164499849,-0.0073479971557389,-0.0061850180456531,-0.007626080430054571
182272,-0.005822409436223,-0.0049605225220147,-0.0044323054753476,-0.0072260611792444255
184320,-0.0056410961289657,-0.0066450866681407,-0.0066585015709279,-0.00642149597115349
186368,-0.004156634992978,-0.0044078616265323,-0.0046860955422744,-0.009565990192641038
188416,-0.0049709934028214,-0.0081595541283604,-0.0052459977581747,-0.008042827164172196
190464,-0.0061724367827991,-0.0042219090202706,-0.0071226817686692,-0.008440442421124317
192512,-0.0077812134964915,-0.0044882900037919,-0.0051422009215457,-0.007721904716163408
194560,-0.0042395209362439,-0.0050425061766873,-0.0053428369094035,-0.009574740362586454
196608,-0.0066630313260247,-0.0046621456262073,-0.0063781665594433,-0.006547817198588745
198656,-0.0046747887623496,-0.005790272107697,-0.0055036550897057,-0.005633602301531937
200704,-0.0044305710645858,-0.0028033784372382,-0.005363457671774,-0.007190965973131824
202752,-0.0025123749175691,-0.0047270921626477,-0.0064555867327726,-0.006075331254396588
204800,-0.0060131212798296,-0.007075732506928,-0.0088423642591806,-0.005027095935656689
206848,-0.0040096876022289,-0.0066305367916356,-0.0060213415170437,-0.006381923062144778
208896,-0.0060961319555644,-0.0056985158727911,-0.0046391777475946,-0.005117392246029339
210944,-0.0046928726762416,-0.0041506469453452,-0.0045257738049258,-0.006486417885753326
212992,-0.0064093297900399,-0.0061522986870841,-0.0070787059725262,-0.006495067504874896
215040,-0.0040623017121106,-0.0038981944613624,-0.006043171226338,-0.005819571811298374
217088,-0.0035088419914245,-0.0044662781743681,-0.0067886855365941,-0.004369405804027338
219136,-0.0063596876840165,-0.0058567206389852,-0.0082415030614356,-0.0050317918270593506
221184,-0.0025453850335907,-0.0051986944170494,-0.0048039176501333,-0.0028215832338901238
223232,-0.0069841638993239,-0.0050433718977728,-0.0041069024766329,-0.004136884447507328
225280,-0.0025540670860209,-0.0075995167397195,-0.0063174908325891,-0.00796480486751534
227328,-0.0064667319253203,-0.0040112725895596,-0.0083687187303439,-0.004549275197496172
229376,-0.0047509234995231,-0.0054187689718673,-0.0038667185450321,-0.006047604522609618
231424,-0.0053824489470571,-0.0051759527734247,-0.0065308275719871,-0.006856631053960882
233472,-0.0026050815838971,-0.0074010807875311,-0.0068068888744164,-0.005961238183954265
235520,-0.0026718554407125,-0.0047850884104263,-0.0071241546451346,-0.008207096507248934
237568,-0.0043913881658227,-0.0043256508819467,-0.0059163430501939,-0.005877424865320791
239616,-0.0029452181159285,-0.0024014994502067,-0.0057285528731881,-0.006570538135565585
241664,-0.0040383257772191,-0.0041784641347476,-0.0045536247576819,-0.005622005951590836
243712,-0.0042663103478844,-0.005659263661073,-0.0028243104345165,-0.0054358456225600095
245760,-0.0032540509637328,-0.0035529620821762,-0.0037815228570252,-0.004713515387265943
247808,-0.0046131971728755,-0.0049730712227756,-0.0050873989312094,-0.001360298773215618
249856,-0.0077062339467374,-0.0008027477320865,-0.0015789618337294,-0.0031411260075401514
251904,-0.0028837022153311,-0.0058668828831287,-0.0052232460337108,-0.0025431777961784975
253952,-0.0027729336681659,-0.0017569765506777,-0.0051821116809151,-0.00542204329976812
256000,-0.0049637347430689,-0.0081280579717713,-0.0042176161165116,-0.003942177690623794
258048,-0.00423735387958,-0.0043050769061665,-0.0033103466164902,-0.006557416239229496
260096,-0.007957708374306,-0.005547762165952,-0.0065890088881133,-0.0042039394189487215
262144,-0.0056084602474584,-0.0011144403091748,-0.0066041519792634,-0.006024155460181646
264192,-0.0029990900104166,-0.0046329441713169,-0.0042215394438244,-0.0023599626147188246
266240,-0.0044001969508826,-0.0071756019358872,-0.001293741959671,-0.004564324587408919
268288,-0.0005728424061089,-0.0036784243064175,-0.0028464495844673,-0.001073285967868287
270336,-0.0015318356774514,-0.0024940500690718,-0.0059401092948974,-0.0021356580204155763
272384,-0.0007303765436518,-0.0036376937379827,-0.003601438156329,-0.005847634623933118
274432,-0.0030680418174597,-0.0039282518344407,-0.0043793375662062,-0.006178917209035717
276480,-0.0057867099676514,-0.0042143226746702,-0.0017230177138117,-0.005854226439259947
278528,-0.0018453088661772,-0.002541058560746,-0.0073783642670605,-0.002179088351840619
280576,-0.0061765571241267,-0.0001402629393851,-0.0039921164032421,-0.0005468452276545577
282624,-0.0048261871605063,-0.0039470543139032,0.0006280370318563,-0.0026099914117367006
284672,-0.004085138492519,-0.0033220607947441,-0.0053472448402317,-0.003546082924003713
286720,-0.0028467766140238,-0.0029431874019792,-0.001921351684723,-0.0034612172908964566
288768,-0.0033687234055832,-0.0022867736959597,-0.0034004487795755,-0.004572767982608639
290816,0.0030726444878382,-0.0032122561955475,-0.002663182044489,-0.0025747593637788667
292864,-0.0016484142470289,-0.0054395348008256,-0.0017375536393956,-0.008004976146912668
294912,-0.0007183116918895,-0.0063447833832469,-0.0009513227530987,-0.003871973356581293
296960,-0.0023004726084764,-0.0027964138731476,-0.0068137961905449,-0.005094138014828786
299008,-0.004278216905368,-0.0039675613908912,-0.0043645817888318,-0.004256481907214038
301056,0.000379063616856,-0.0055527386837638,-0.0045071678003296,-0.0051185380929382514
303104,-0.0007513124510296,-0.0040593182071461,-0.0021059943770524,-0.002668656224705046
305152,7.780996093060821e-05,-0.005167377476755,-0.0012549319733807,-0.004292838017863687
307200,-0.0042557214481348,-0.0027795091446023,-0.0055522470138384,-0.0048608379118377345
309248,-0.0008352899756573,-0.0044277025648625,-0.0031971648553735,0.0013784646129352041
311296,-0.0038195600282051,-0.004041833699739,-0.0046240980183938,-0.0054910139282583256
313344,-0.0018207218090537,-0.0031313872415921,-0.0050000226125121,-0.004493195004761219
315392,-0.0005292184388963,-0.0024092979641864,-0.0007585589861264,-0.004113038186915219
317440,0.0002553067890403,-0.0034997094960999,-0.0038466453770524,-0.005747795766365016
319488,-0.0030267590642324,-0.0002715569324209,-0.0020711263714474,-0.0012795515678590164
321536,-0.0013131590079865,-0.00032459871436,-0.0033435605808335,-0.0060878774122102184
323584,0.000780383273377,-0.0024441976005618,-0.0041947552061174,-0.007896324580360669
325632,-0.0031585834411089,-0.0015288036265701,-0.0073768758200458,-0.004228514357237145
327680,-0.0038149306608829,-0.0053553350866422,-0.0061206692422274,-0.00037584627425530926
329728,0.0017282273242017,-0.0030853557953378,-0.0030255751960794,-0.0019431416876614094
331776,-0.0034313443728024,-0.0015645880295778,-0.0045976799548952,-0.0014181417456711643
333824,-0.0043018650219892,-0.0017519438915769,-0.00486371666193,0.0003227834662538953
335872,-0.0048085617170727,-0.0029907543488661,-0.0036276406011893,0.0001355742606392596
337920,-0.0044022831330948,-6.084210763219744e-05,-0.0018885751764173,-0.007777894588070921
339968,-0.0055531119316583,-0.0026097725887666,-0.002071966677613,-0.005509148683631793
342016,-0.0036732682608999,-0.0025900525222823,-0.0046857116380124,-0.0029003091920458248
344064,-0.0021193799577304,-0.002812945311598,-0.0070233169681159,-0.0022217656354769134
346112,0.0008602581307059,-0.0045160284062149,-0.0013028417379246,-0.004668555088574067
348160,0.0005722869158489,0.0001273722649784,-0.0032570735464105,-0.004713721635926049
350208,-0.0010277803798089,-0.0021692994036129,-0.0029345362883759,-0.003774267848348245
352256,-0.0041433328049606,-0.0029837935813702,-0.0024990332254674,-0.0013121418727678248
354304,0.0002016058919252,-0.0034996233094716,-0.0001886208352516,-0.00046365009184228255
356352,-0.0030962603821535,-0.0039697359810816,-0.0004114892682991,-0.004314856976270676
358400,-0.0022520519087265,-0.0052701398613862,-0.0016658884444041,-0.002456320749479346
360448,-0.0006410177360521,-0.0027297936278046,0.0005424169736215,-0.0008405926033447031
362496,-0.0005717320789699,-0.0039309973915806,-0.001102070295019,-0.004332800940028391
364544,-0.0010210787309915,-0.0016140701030963,-0.0026060289397719,-0.003557987946260255
366592,-0.002839158847928,-0.0051024709988269,0.0012795601956895,-0.006206304916122463
368640,-0.0025049011368537,-0.0012825341073039,-0.0026265875058015,-0.0025148934248136355
370688,-0.0035405900693149,-0.0015126277241506,-0.0024652426960528,-0.0023440714707248845
372736,-0.0025175869785016,-0.0024384847318287,-0.0062512599906767,-0.004726196451520082
374784,0.0018344610856729,-0.0036231461228453,0.0003144624381093,-0.005292006025410956
376832,-0.0026486125905648,0.0001800912388716,-0.0019695776514708,-0.002704159567656461
378880,-0.0038053194497479,-0.002686168384389,-0.0033796190211432,-0.003163680488069076
380928,-0.0029111555486451,-0.0004029734831419,0.000664534761745,-0.006184364936780184
382976,-0.0010358008337789,-0.001106813752267,0.0027125702472403,-0.004616610585071612
385024,-0.0029182675294578,-0.0008314271806739,-0.0007230434974189,-0.00422793690522667
387072,-0.0031458888144697,-0.0031783653306774,-0.0004397398137371,-0.002262143297411967
389120,-0.0039946599776158,-0.0035746756897424,-0.0004781328490935,-0.003595256034168415
391168,-0.003079073569097,-0.0003507035798975,-0.0056505193715565,-0.0006094496144214645
393216,-0.0018609210885188,-0.0008393970594624,-0.0006833532068412,-0.0014933934551663696
395264,-0.0044269909936701,-0.0036309473012806,-0.0021740381533163,-0.006378185084031429
397312,-0.0021954546726192,-0.0071220415469724,-0.0044742522048181,-0.003734665017691441
399360,-0.0043413531820988,-0.0018223953637061,-0.0002215660526417,-0.0017627267967327497
401408,-0.0023325242102146,-6.480468582594767e-05,-0.0015095496055437,0.0004889383359113708
403456,0.0004290072480216,-0.0010324306567781,-0.0029081463479087,-0.001487526528944727
405504,-0.0034376762923784,-0.0040034918565652,4.851041303481907e-05,-0.0030250137682742207
407552,-0.0016684461719705,-0.0028164322473458,-0.0019616723177023,-0.004301255814789328
409600,-0.0016820187156554,-0.0008686822809977,8.101179555524141e-05,-0.004930529493140057
411648,-0.0014718153957801,-0.001707003681804,-0.0010079538718855,-0.0034082872487488204
413696,-0.0009550443894113,-0.0011757044092519,-0.0039488508846261,-0.004400480375625193
415744,-0.0012647678144276,-0.0035485185042489,-0.0038385689607821,0.0006387688597897067
417792,-0.0027560963229916,-0.0004724117432488,-0.0013338555698283,-0.0030952812478062695
419840,-0.002481610122777,-0.0040400969941401,-0.0050325658652582,0.0019578179926611483
421888,-0.0049064656355767,-0.0034670644061407,-0.0016307836544001,-0.004240413229854312
423936,-0.0007792668533511,-0.0005512500007171,-0.0028647821338381,-0.0030986475394456647
425984,-0.000525860984635,0.0027602133006439,-0.0007395907668978,-0.003586899695073953
428032,-0.0012185999046778,-0.00373940912541,-0.0006630394418607,-0.002893304814642761
430080,0.0005402163878898,-0.0017764332296792,-0.0006450480534113,-0.00035165728331776336
432128,0.0003382481794687,-0.0035655679312185,-0.0004950797876517,7.126498530851677e-05
434176,0.0030523882436682,-0.0030901876103598,-0.0047824743072851,-0.005203287818585522
436224,-0.0032790874087368,-0.0045991085789864,-0.0017855208163382,-0.0035635873922728934
438272,0.0009987052326323,-0.0014906797208823,-0.0004034954334201,-0.0044184224563650785
440320,0.0002470024206559,-0.0022717435174854,-8.396116463700309e-05,-0.0011781512745073996
442368,-0.0003773713266127,-0.0023004108530585,-0.0004671775262977,0.00017400864599039778
444416,-0.0011466254254628,0.0020622807758627,-0.0025163786835037,-0.0016793038346804678
446464,-0.0016796515148598,-0.0017441748248529,-0.0011593309187446,-0.00130459501669975
448512,-0.0015514977829298,0.0004654059695894,-0.003147503369837,-0.005382947433099616
450560,-0.0013341755169676,-0.0015072035996126,0.0007730015058768,-0.0018925762080471032
452608,-0.0006537487832247,-0.004385607628501,-0.0010595375555567,-0.001293564698426053
454656,-0.0015713161352323,-0.0017621087681618,4.849070683121681e-05,-0.003783041769929696
456704,-0.0029529122519306,0.0008620860426162,-0.0024983628085465,-0.0026732898462796585
458752,0.0006688166773528,-0.0041919628914911,-0.0041577171126846,-0.003094793000491336
460800,-0.001062429016747,7.59176240535453e-05,-0.0011054301354306,0.00044272007799008863
462848,-0.0036605672095902,0.0003335423985845,-0.0027512336557265,-0.006798996351426468
464896,0.0019347973378899,-0.0022380497066478,-0.0007964685399201,-0.0009704316624265629
466944,-0.0004195615969365,0.0014706833055242,0.0029771511006401,-0.004636563337408006
468992,0.0027183410682482,-0.0009482011460931,-0.0020067458935955,-0.0018922702554846182
471040,-0.0028187313277157,-0.0003551530011463,-0.0015701987329521,0.0001243417980731465
473088,-0.0018841705779777,0.0011212781348149,-0.0008666277193697,-0.0039321799908066165
475136,-0.0006350084178848,-0.0049972455759416,-0.0019597849066485,-0.004180041989457095
477184,-0.0020534811628749,-0.0003150665012071,-0.0017097507137805,-0.0034329393922234884
479232,0.0002124896403984,-0.0004193270477117,-0.0018932818784378,0.00020778090838575737
481280,-0.0001526891719549,-0.0005104192212456,0.0020273673871997,-0.002919560926966369
483328,0.0008728521730517,-0.0054142343346029,-0.0022210476512555,0.000641828247171361
485376,-0.003390496924112,-0.0038537267493666,0.0007345702280872,-0.0010833094522240572
487424,-0.0006561074013006,-0.0002192591986386,-0.0011365395024768,-0.002924707886268152
489472,-0.0029914511374954,-0.0004888040595687,0.0036994214853621,-0.00199117718875641
491520,-0.0028089380983146,-0.0030088594416156,-0.0010420243073895,-0.002711409766925499
493568,0.0003634082546341,-0.0026429030855069,0.0005029679654398,-0.0023916747930343265
495616,-0.0024822218751069,-0.0003528727349475,-0.0036326904926681,-0.0008111396673484705
497664,-0.0020770617309608,-0.0003282181976828,-0.0005459408523165,-0.0015512265294091777
499712,-0.0011962189957557,0.0017529570919577,-0.0004287460964405,0.001047361165547045
501760,0.0016562721109949,-0.0031147232992225,-0.0004736187926027,-0.002421633565973025
503808,-0.0043751837365562,-0.0045545437227701,-0.0044177712406963,-0.005133881352958269
505856,-0.0044476509428932,-0.0046055416212766,-0.0040679539379198,-0.006768881926836912
507904,-0.0055037527592503,-0.0045601857709698,-0.007278532278724,-0.008269050752278417
509952,-0.006774676767236,-0.0062398227237281,-0.0097236987188807,-0.0054691985904355535
512000,-0.0055082669889088,-0.0054422735222033,-0.0084547326143365,-0.010508329699223395
514048,-0.0043918534545809,-0.0031351736513897,-0.0073826697494951,-0.007146073501644423
516096,-0.0058760469706612,-0.0065548840721021,-0.0061917463957797,-0.008335858283680863
518144,-0.0071383764181518,-0.0036949624227418,-0.0069348524528322,-0.005242251984600444
520192,-0.0065543570504814,-0.0009868913912214,-0.0017711103282636,-0.001097248529549688
522240,-0.0063074063902604,-0.0017517382206278,-0.0055929888272657,-0.006155355673399754
524288,-0.0066869355643575,-0.0042030822616652,-0.0065707717774785,-0.004740832824609242
526336,-0.0061800870607839,-0.0033576143687241,-0.0054191666538827,-0.005491846601944417
528384,-0.0068083059886703,-0.0041300064491224,-0.0038957198441494,-0.0021562237292528153
530432,-0.0070897953832172,-0.0038151236032717,-0.0061531005369033,-0.002302298252470791
532480,-0.0080077331047505,-0.0042263035560608,-0.0044789382547605,-0.00393546225168393
534528,-0.0066642895413679,-0.002393462062173,-0.0063939993022358,-0.0036060891608940436
536576,-0.009372937225271,-0.0020160764717729,-0.0037665772557375,-0.0018484477244783194
538624,-0.0068758034423808,-0.0009467030155065,-0.0022419206230551,-0.003284333624469582
540672,-0.0064586172855342,-0.0005311540604452,-0.0004883946035988,-0.002362609052215703
542720,-0.00512470320391,-0.0008213474109652,-0.001967091820552,-0.002714873378863558
544768,-0.0051752325249253,-0.0041327743892907,-0.0047804178975638,-0.0038444722158601508
546816,-0.0075149106996832,-0.0030718461581273,-0.0009545952110784,-0.002633544062700821
548864,-0.0041370776525582,-0.0041193684548488,-0.0022506174398586,-0.003560606311657466
550912,-0.0042242114344844,0.0006664261949481,-0.0039308926134253,-0.0023976207332452757
552960,-0.0002316312093171,-0.0034144007586291,-0.0034946717249113,-0.0010417844190669713
555008,-0.0027383309512515,-0.0023340295578236,-0.0041140717243251,-0.002766127054201206
557056,-0.0027098478014522,-0.0002175790388719,-0.0024836533761117,-0.0031241233096807263
559104,-0.0015812116835149,0.0019862486762576,-0.0011396553236409,-0.0017634782518143766
561152,-0.006437565156375,-0.0014858340247883,-0.0031173310824669,-0.004128292021050584
563200,-0.0019504375799442,-0.0040247281693154,-0.0011601670237723,-0.004658225797174964
565248,-0.0022185754874954,-0.0016632347324048,-0.0075066755074658,-0.0052129019997664726
567296,-0.0023385390551993,-0.0004533755709417,-0.0027082891865575,0.001204525820503477
569344,-0.0020082665170775,-0.0004453667010238,6.465179467340931e-05,-0.0016154169585206545
571392,-0.0014903480601788,-0.0017824023161665,-0.0020018797367811,-0.0034969029788044282
573440,-0.0017327508365269,-0.0029647001385455,-0.0006156854011351,-0.0037946549186017365
575488,-0.0026379309638286,-0.0008148607055773,-0.0015322041188483,-0.0006029292424500454
577536,-0.0039299253767239,-0.0024778716484433,-0.0046379541454371,-0.0026515152218053117
579584,-0.0015755411091959,-0.0036580914704245,-0.0044533260544994,-0.0024010421213461084
581632,-0.002004907221999,-0.0003905284247593,-0.001827479921485,-0.0009149680787231773
583680,-0.001278632528556,-3.144047877867706e-05,-0.0012849600592744,-0.0011055665774620139
585728,-0.0035257724972325,-2.036348159890622e-05,-0.0027265691736829,-0.0014404906221898272
587776,-0.0006917072256328,-0.00180667550012,-0.0018628772872034,-0.001901881766389124
589824,0.001349085230322,-0.0015557925173197,-0.003760273795342,-0.0014887759345583618
591872,-0.0022841834150312,-0.0012415104807587,-0.0011961596886976,0.0016870047264092136
593920,-0.0027630819298792,0.0014051074293092,-0.0011273267751676,-0.0010023944123531692
595968,-0.0015928831759083,0.0019890863724867,-0.0045296419499209,-0.003687086165882647
598016,0.0006363233886077,-0.0014804757884121,-0.0019375566713279,-0.00033983461471507324
600064,-0.0032378728865296,-0.0014212416557711,-0.001294164310093,-0.0018623365296662087
602112,-0.0040370212809648,-0.0002353108407987,-0.004106049312395,-0.001318442530464381
604160,-0.0017431989006581,0.000306064086908,-0.0030086172169831,-0.002008683799795108
606208,-0.0025717983859067,-0.0002466135018039,-0.0028765968512743,-0.0021855984945432284
608256,-0.0019611528405221,0.0005471569980727,-0.0020515933298156,-0.005320950027089566
610304,-0.0009369916493596,-0.0035402513414737,-0.0015756868408061,-9.764681599335744e-05
612352,-0.0007825780689017,-0.0031131294439546,-0.0019092212009127,-0.002946474355121609
614400,0.000446948314493,0.0001718017847451,-0.0018332751715206,-0.0030935144852264783
616448,-0.0014085045433603,-0.0036678313859738,-0.0046038137974392,-0.0016594395303400234
618496,-0.0005950750404736,-0.0044462131772888,-0.0035506623993569,-0.0016339349880581723
620544,-0.0040972928021801,0.0014045363117475,-0.0034735782828647,-0.0019531478435965257
622592,-0.001329146932403,-0.0029723451472818,0.0004636914876755,-0.0018145134061342105
624640,-0.0009282145139877,0.0002062516505247,-0.0024836698619765,-0.004086282788193785
626688,-0.001120272604021,-0.0041340121810208,-0.0013040065168752,0.00029660330619663
628736,-0.0002725604448642,-0.0007751863420708,-0.0021159494703169,-0.0020382941685966214
630784,-2.3297450388781728e-05,-0.0012888105819001,-0.0012857255904236,-0.001504366408335045
632832,-0.0014592992476536,-0.002147037438408,-0.0002293391065904,-0.003909514976840001
634880,0.0003498361751553,-0.0011777027611969,-0.0033991384596447,-0.0016920563168241643
636928,-0.0034488999197492,-0.0011344545346219,-0.0008461240122414,-0.0005797310906928033
638976,-0.0034245385104441,0.0005851382797118,-0.0010218554016319,0.0006793513064621947
641024,-0.0019645004533231,-0.0011152864681207,0.0002515111526008,9.413123189006001e-06
643072,0.0011121471150545,-0.0009492131401202,-0.0014160275633912,-0.0012648350428207777
645120,-3.965668001910671e-05,0.0008818486414384,-0.0029034871004114,-0.0007846442531445064
647168,0.000425815780909,-0.0023151939865783,-0.0008028747462958,-0.0033604740292503266
649216,-0.0012726450222544,0.0019818993518128,-0.0011208591415197,-0.0010612009689793922
651264,-4.369693924672901e-05,0.0001840025550336,-0.001432976500655,-0.00019359754223842175
653312,-0.0019249946344643,-0.0011807383954874,-0.0008123009029077,-0.0025938370468793436
655360,-0.0004684757295763,-0.0019266872826847,0.0003324833611259,-0.002029439847683534
657408,0.0023901603504782,0.0003012081251654,-0.0015815559563634,-0.0001721277483738959
659456,0.001369367018924,0.0022666397679131,0.0017870733907329,-0.0009205699316225946
661504,-0.0005083386713522,0.0021355039891204,0.0009905980972689,-0.0026379021088359877
663552,-0.0007698174682445,0.0001751651303493,-0.0015064984487253,-0.0010580143323750235
665600,-0.0036967180087231,0.0021222401890554,-0.0020094682462513,-0.0021152931629330853
667648,0.0005944657968939,0.0002918358106398,0.0015997076479834,-0.00045362540986388923
669696,-0.0005891136665013,-0.0023337008038652,-0.0024626720318337,-0.0016723208595067264
671744,0.0002955766656668,0.0001958630899025,0.0003055046308872,0.0004965836211340502
673792,-0.0009122227085754,9.466728806728496e-05,-0.0014059980618185,-0.0009983204385207501
675840,-0.0014120244624791,-0.0010078337611048,-0.0023637777354451,1.007312530418858e-05
677888,0.0004129409615416,0.0022618976479861,-0.0030247109898482,-0.0033539741954882627
679936,-0.0034223402166389,0.0018246812389406,-0.0032924979546805,-0.0035394247926888054
681984,-0.0008305057097459,-0.0002751141495537,0.0001140540160122,-0.003200737840961665
684032,-0.0004900812418782,0.004004184056248,-4.3832985102199015e-05,-0.0018609018596180249
686080,-0.0011324317194521,0.0028600700796232,-0.0017987485480261,-0.0013822056571370922
688128,-0.0037454640667419,0.0009887299514957,-0.005778684017423,-0.002375331190705765
690176,-0.0002995730457769,0.0002799925117869,-0.0008937223152315,-0.0010901094530709088
692224,-7.163736154325307e-06,-0.0006747491424903,0.0011523952984134,-3.130207041976973e-05
694272,-0.0019353658004547,0.0023154601920396,-0.0038425453676609,-0.0021031368771218693
696320,-0.0015454205000423,-0.0017812408492318,0.000467463833047,0.0014978899445850403
698368,-0.0036387848071171,-0.0005642482836265,-0.0012188347478513,-0.0015035122036351823
700416,2.977303374791518e-05,0.0022981614616583,-0.0004253241175319,-0.004497710980649572
702464,-0.0017537949199322,-9.321288671344518e-05,-0.0019221345130063,-0.006790192754124291
704512,-0.0010790403437567,-0.0007626738239196,-0.0002085317344608,0.0024099125133943745
706560,0.0006572771118953,-0.0023245365475304,-0.0021753178283688,9.795748628675938e-05
708608,0.0029809651496179,0.0024340669158846,-0.0009701787770609,0.0013991681895276996
710656,-0.0027295855208649,-0.0027423761770478,-0.0002306200665771,-0.0004929132250254042
712704,-0.0030082845842116,0.0022842927326564,0.0009280690384912,-0.002494760954141384
714752,-0.001634452563303,0.0007448783733707,-0.0019843199348542,-0.002532714029075578
716800,0.0012924560258397,-0.003438693692442,0.0004535047570243,-0.0004780252078489866
718848,0.0001109917706344,-0.0012732984905596,-0.0011752647784305,-0.0020601542695658282
720896,0.0007738364045508,0.0031539747302304,-0.0002110735309543,0.0010245965138892643
722944,-0.0018762294683256,0.0030148758902214,-0.0011535418903804,-0.0022545459098182617
724992,0.0004958335193805,-0.000137668683601,0.0006637985294219,-0.0015000118044554255
727040,0.0011447005483205,-0.0003682187278172,-0.0027179240147233,-0.0006706164393108338
729088,-0.001717267595086,-0.0008278587294626,-0.002017653400253,-0.00021905279936618172
731136,-0.0020129320750129,0.0049512476529343,-0.0018518248718464,-0.0015982700686436146
733184,-0.0005884482583496,0.0037479827544302,-0.0011162530434376,-0.003121279408514965
735232,5.4697279119864105e-05,-0.0013183845425373,0.0012740322388708,-0.002385912409226876
737280,-0.0027276297332718,-0.0027065527421655,-0.0007519169957959,5.01003218232654e-05
739328,0.0010702134342864,-0.0047235487494617,-0.0025663728578365,-0.003059488500002772
741376,-0.0018379133471171,0.0011910760993487,-0.0032188633434998,0.0018562534693046472
743424,-0.0056958037661388,0.0026779480016557,-0.0020122154121054,-0.000290270360710565
745472,0.0001016745649394,0.0026318368036299,-5.552195361815393e-05,-0.0019922349660191686
747520,-0.0018628749035997,-0.0004826594267797,-0.0004500316543271,-0.0014877255132887512
749568,-0.0021316031270544,0.0008489650943374,0.000807523507683,-0.001451640110462904
751616,0.0007635304369614,-0.0010949705101666,0.000831032692804,-0.0029501149620045908
753664,-0.0029776239316561,0.0019373977949726,-0.0024437650616164,-0.0004559449967928231
755712,-0.0035148630166077,0.0013336445452296,-0.0006045440983143,-0.003610037837643176
757760,-0.0012962019944097,-0.0016780327568994,-0.0010556012639426,-0.0036571703807567247
759808,-0.0019770626633544,-0.0002449178049573,-0.0016591161867836,-0.0006902677865582518
761856,0.0027527216938324,-0.0010722582621383,-0.0009546539658913,-0.0017572235272382386
763904,-0.0020601934033038,0.0001174218850792,-0.0007688425277592,0.0005626484984531998
765952,-0.0007598001568112,0.0027453635862912,-0.0018189081019954,-0.0006603870380786248
768000,0.0009655160865804,0.0026804569119121,0.0012385124035063,0.00020731200638692825
770048,-0.0006348356837406,0.0020313618588261,-0.0003731520191649,-0.0004575343773467466
772096,-0.0013685131372767,0.0021584350928606,0.0009670462597568,0.0023389202950056644
774144,-0.0007739227308775,0.0004957003518939,2.1185725927352905e-05,-0.0008417728466156404
776192,-0.0003911686915671,-0.0012499821612436,-0.0017559621759573,0.0006405166277545504
778240,0.0015425774108734,0.0011249754221353,0.0011854651311296,0.000939621294673998
780288,-0.0013895722499,-0.0008630510346847,0.0009738695778651,-9.2951201077085e-05
782336,-0.003088422086148,0.0029249787985463,-0.0005635584180708,-0.0001301035241340287
784384,-0.0006228764774277,-0.0017143806500826,0.0005908785606152,-9.673015592852608e-05
786432,0.0005571890826104,-0.0026526712608756,-0.0013371617416851,0.0014611316481023095
788480,-0.0006978413279284,0.0012038091226713,0.0021575059581664,-0.0003265285296947695
790528,-0.0009041171651915,0.0014977213824749,0.000221375185356,0.0015519244843744673
792576,-0.0027563201510929,0.0006997302058152,0.0013321384845767,-0.0019647686094685923
794624,-0.0029055354047159,0.0026273721756297,-0.002065904266783,0.0005730238190153614
796672,-0.0001726547161524,-0.0005217057434492,-0.0024930664309067,-0.0013498022119165399
798720,0.0005584869766607,-0.0003952403028961,-0.0007844248146284,-0.0007392880186671391
800768,-0.0001454628887586,-0.0009288015411584,0.0017104999329603,3.806089735007845e-05
802816,0.0005219316051807,-0.0024521755156456,0.0006122903025243,-0.0001797980206902139
804864,0.0012026831624098,0.0021598701889161,-0.0007253203250002,0.0004128559710807167
806912,-0.0010291694052284,0.0017568063805811,0.0003355663677211,0.0022609111649217082
808960,-0.0038790380596765,0.0032435805478598,-0.001180904796638,6.967407825868577e-05
811008,0.0002227608172688,0.001483186155383,0.0003654873056802,-0.0011913734750123694
813056,0.0005810725757328,-0.0002054715107078,-0.0012015221771434,-0.0004592368990415707
815104,-0.0001368582685245,0.0009507885741186,0.0034892743919044,0.0006882742760353722
817152,-0.000197670442867,0.0002355485252337,0.0008665603905683,9.031847439473495e-05
819200,-0.0009899693395709,5.073836364317685e-05,0.0001335809603915,-0.0015747524885227904
821248,0.0019444494246272,0.0018723178756772,-0.0020748386770719,0.0012604033952811732
823296,0.0012885713993455,0.0024092867330182,0.0020848980144364,-0.0019544581278751138
825344,0.0022125567382317,0.0034889319023932,-0.002160891785752,-0.0024565824831370266
827392,-0.0006782217606087,-0.0009011221496621,0.0014180451558786,-0.00028644861013162883
829440,-0.0012319863642915,0.0006996070442255,-0.0009521528379991,3.4388998756185173e-06
831488,0.0029883211100241,-0.0005584830680163,-0.0002620352766825,-0.003437403266434558
833536,-0.0030095837297267,0.0010441962178447,-0.0030469912031549,-0.0018734701676294207
835584,0.000936871182057,-0.0016909421989112,-4.778451402671635e-05,-0.00354999821720412
837632,-0.0003804015403147,0.0020346461984445,-0.0012786746425263,-0.004019695884198882
839680,0.0001750385636114,-0.0011106784935691,-0.0002720668562687,-0.0014387091374373994
841728,0.0011460278663435,-0.0010131522722076,0.0012723807667498,-0.0011354414709785488
843776,-0.0002546675139456,0.0046405341505305,0.0018765864544548,-0.00021534619518206454
845824,0.0006220715280505,-0.001615132894949,0.0004035804777231,-0.0011144600284751505
847872,0.0007886452818638,0.0007734536789939,-0.0004996851857868,0.0005878840704099276
849920,0.0008280195441329,-0.0016996292033581,-0.0005355035580578,-0.0005216610574279912
851968,0.0021661314400262,-0.0024837014818331,-0.0005116566870128,0.0027808608145278415
854016,0.001095009499113,-7.079126808093861e-05,-7.653451175428926e-05,-0.0009972563755582086
856064,-0.0006538403424201,0.0005144863273017,0.0012125860856031,0.00024222545471275225
858112,0.003503100175294,0.0013822814951709,0.0002853231642802,-0.0031559515700791962
860160,-0.0011401828640373,0.0020596970134647,-0.001089353239513,-0.0029941792410681954
862208,0.0002377070013608,0.0018936173219117,0.0016063260132796,-3.565566730685532e-05
864256,-0.001656393824669,-0.0020516941236564,0.0012051422410877,-0.001870787827647291
866304,-0.0005785562781966,0.000586728361668,-0.0012705981876933,-0.0009213707176968456
868352,0.0005785894638393,0.0019623299158411,0.0003058919595787,-0.0003710767996381037
870400,0.0011080757052695,7.715346582699567e-05,0.0002629882743349,-0.0027590123281697743
872448,-0.0013620888028526,0.0003251087618991,0.0015785817122377,-0.00013281866995384917
874496,-0.0016709539311705,0.0029026470467215,0.0032539141728193,0.000433826535299886
876544,-0.0001414755315636,-0.0011621682642726,-0.0026779669220559,0.0016879808084922844
878592,0.0020910158840706,0.0020270856621209,-0.0002161966214771,-0.003650781500618905
880640,8.527367026545107e-06,0.0038530738645931,0.0030137879555695,0.0012133331278164406
882688,-0.0008902840476366,-0.0003207618952728,-0.0002460657648043,-0.0010815227738930843
884736,-0.0012935648330312,-0.0013097247472614,-0.0001824973471229,-0.003027280551759759
886784,-0.0016746034336392,0.0008901409906684,0.0002620435843709,0.000388344943348784
888832,0.0004320642721722,-0.0024267725981189,-0.0045209533040178,0.0006112273971666582
890880,0.0002951802023744,0.0011491882527479,-0.0022795981400122,-0.002745233946188819
892928,-0.001582087216957,-0.0007604831713251,0.0005265935775241,-0.0006005959294270724
894976,-0.0022009320440702,0.0028797864943044,-0.0046518877963535,-0.0001732416043523699
897024,0.0049270485236775,0.0012375292455544,-0.0022384760595741,-0.00014155371609376745
899072,0.0005906091682845,0.0015963953526807,-5.434106278698891e-05,0.0009468710741202813
901120,0.0018504920328268,0.00339942661667,-0.0032912606897298,-0.00035683600581251087
903168,-0.0031590748330927,-0.0003620319024776,0.0001239535195054,-0.0025267634249757976
905216,0.0013876475291908,0.0021693321206839,-0.0011523168417625,-0.0030659630603622643
907264,-0.0027605346826021,-0.0012994696211535,-0.0023371841729385,-0.0017192519771924708
909312,-0.003924512991216,-0.0010095952544361,0.0013511511133401,0.0008354081175639295
911360,0.0026605076811392,0.0016904993652133,0.0005860733883309,-4.8987024638336155e-05
913408,0.0007827148830983,-0.0007742354500805,-0.0027955862009548,-0.0012440535967471078
915456,0.0023375745717203,0.0018726852271356,0.0030812751632765,-4.393981653265655e-05
917504,0.0021976428499328,0.0014140184779535,-0.0002433714849757,-0.0006919408639078029
919552,0.0005443258021841,0.0012806306986021,-0.0025876613726723,0.0009464555463637225
921600,0.0006849246870842,0.0022427163668908,0.0023057566606439,0.00022006122089806012
923648,-0.0009553459618473,-0.0004868735821219,0.0006159278578707,-0.00021603068744298072
925696,0.0016041428229073,0.0047063577170774,-0.0014689539122628,-0.004243737248179969
927744,-0.0003355169756105,0.0012822209886508,-0.0010861583054065,-0.0013451121252728627
929792,-0.0012049694472807,0.0001857061855844,0.0003032232969417,-0.0018612961313920096
931840,0.0019326165391248,0.0006181851109431,0.0024833173301885,-0.004888101860706229
933888,0.0018813685557688,-0.001831887642038,0.0026702011375164,-0.0014157670819258783
935936,0.0002891157848353,0.003630444756709,0.000183267511602,-0.0019138526113238186
937984,-0.0023969440764631,-0.0002446493075694,0.0016395930040744,0.0005667157034622506
940032,-9.332951594842598e-05,-0.0021350021765101,0.0006847269454738,0.0040024216468736995
942080,0.0025715737967402,0.0013402687254711,0.0008094755015918,0.0027619548913207837
944128,-5.758586630690843e-05,0.0012582165218191,0.0027615119033725,0.0008774953443207778
946176,0.0003949123187339,0.0003661098424345,-0.0006264433541218,0.002178888232447207
948224,-0.0006249905265576,-0.0003803813291597,0.00266662524009,0.003171070523239905
950272,-0.0019239051151089,0.002169412333751,-0.0002863964851712,-0.0008364085297216661
952320,-0.0024071520521829,-0.0016014792505302,0.0010872410770389,0.0023043992136081216
954368,0.001306147564901,0.0027656445003231,0.0040229112368251,0.002505690050020348
956416,0.0023379279096843,0.0022741334905731,0.0009271304210415,-0.0005906865568249487
958464,0.0004244036637828,0.0013197728345403,-8.964967128122225e-05,-0.003584063057496678
960512,0.0008463430640404,-0.0050241616583662,-0.0020300799857068,-0.0042169031927187465
962560,-0.0020149945412413,0.0028969005419639,-0.0016209658249863,3.2580054539721456e-05
964608,-0.0016871711311978,0.0020474694974836,-0.0033442648666095,0.0006105186810600571
966656,0.0011153800012834,0.0026407602039398,-0.0007136759872082,-0.002929846513143275
968704,0.0018707647381233,-0.0008357804108527,0.0018001426142291,0.001105985034519108
970752,-0.0001997044906602,0.0024389828824496,0.0017056620410585,-0.0009254567237803712
972800,-0.0014421177009353,0.0015620273392414,0.0019510198704665,-0.005904388869385002
974848,0.0007499953979277,-0.0010068754272651,0.0007029681757558,0.0020631048988434485
976896,0.0028846208442701,0.0011890288064023,-0.0004866814735578,0.0033993944569374436
978944,-0.0007702162001805,0.0014022996503626,-0.0028701897768769,0.0026938452196191066
980992,0.0009592730886652,-0.0014219555931049,0.0006430818146327,-0.0007269910624017939
983040,-0.0002954817595309,0.0027077350154286,0.0004429902073752,0.0005891538465220946
985088,0.0015209489662083,-7.058932387735695e-05,-0.0024481038912199,-0.0007600636570714414
987136,0.0015769506630022,0.0006867716147098,-0.0015360711156972,4.29610678111203e-05
989184,0.001144234034291,-0.000852013448457,0.0006927370879566,-0.001724489995103795
991232,0.0015517503565206,0.0011091039603343,-0.0007914603789686,-0.0007135753578040749
993280,0.0010385289628175,0.0042465672464459,0.0016114157384436,-0.0007280346733750775
995328,0.000879035370599,0.0008207771519664,0.0007589179003844,-0.0013201029374613426
997376,-0.0016059028494055,-0.0015377087132947,0.0004612597593222,0.0015288284193957224
999424,0.0011994916261755,0.0020586588216247,0.0011183523281943,-0.001859743289242033
1001472,0.0007519505510572,0.0010383195636677,0.0007525568667915,-0.00043161453504581004
1003520,-0.0019100659919786,-0.0013174861029256,-0.0026608800631947,-0.0018382918380666525
1005568,-0.0036746857134858,-0.0027486135775689,-0.0009411986698978,-0.003645053871150594
1007616,-0.001718689201516,-0.0012168469227617,-0.0029360766391619,-0.0020315122717875058
1009664,-0.0033071011319407,-0.0045008503904682,-0.0003551179965143,-0.0028188286523800343
1011712,-0.0023535922460723,-0.0021777613117592,-0.0063110321512795,0.0013831606920575723
1013760,-0.0037967080021189,-0.0016454847544082,-0.0036515940577373,-0.003897408133343561
1015808,0.0001607410580618,-0.0014507765037706,-0.0018098103522788,-0.0020365498457977083
1017856,-0.0030201883273548,0.0010419480895507,-0.0029698236146941,-0.002379517033114098
1019904,-0.0009900811652187,-0.0014293741463916,-0.0020022182390675,-0.0005748734751250595
1021952,0.0006329784242552,-0.0021567482384853,-0.0027687883433827,-7.191445765784011e-05
1024000,-0.001017152852728,-0.0002918259568104,0.0009249944443581,-0.00267979592535994
1026048,-0.0037573626381345,0.0011537730591953,-0.0003309183462988,-0.0016871857194928452
1028096,-0.0019055794196901,8.522643911419436e-05,-0.0007467948584235,-0.0019056125602219254
1030144,-0.0008635187128675,3.244491963414475e-05,0.0009625805541872,-0.0008065229732892476
1032192,-0.0021550924269831,-0.0007093433916452,0.0016364444556529,0.0003918596426956356
1034240,-0.0023961106388014,-0.0007211753072624,-0.0014012944535352,-0.0011317873329971917
1036288,0.0003335957655508,-0.001266606664285,0.0025905832546413,-0.0002593594079371542
1038336,-0.0002382568374741,-0.0007759149128105,0.0007450250341207,-0.001171461390913464
1040384,-0.0005203070038987,0.0021401030659035,0.0001166665664641,0.0015222059140796774
1042432,-0.0005304640319081,0.0004662212289986,0.0002279675434692,-0.0009336606002761982
1044480,0.0014580538627342,0.0019398048963921,0.0009773825346201,-0.0023393073832266966
1046528,0.001379925940273,-0.001529683919216,0.001422109012492,0.0011553896212717519
1048576,0.0008678448823047,-0.0012486386403907,-0.0018876233589253,0.0002536417669034563
1050624,-0.0015194438412436,-8.179558790288866e-07,-0.0018068298770231,-0.0014400457606825513
1052672,0.0013590840528195,0.0008166342959157,0.0018907840771134,0.0008793033353867941
1054720,-0.000634296463977,0.0012224775127833,0.0015730493658338,-0.0013958635143353603
1056768,-0.0004462133932975,0.0029645252609043,0.0003257102245697,-0.0024271025526104496
1058816,-0.0038274258593446,0.0001173289943835,0.0034291256553842,0.00015214613958960398
1060864,0.0006554822801263,-0.0041426494295592,4.275101091479883e-05,-0.002229287875525188
1062912,-2.6855031319428235e-05,-0.0017954438633751,-0.0001737854661769,0.00048548108825343663
1064960,-0.000501418839849,0.0010688051457691,0.0007712981998338,-0.003258583668502979
1067008,-0.0018373909406363,0.0017336917560896,0.0011419265923905,-0.0006272276732488535
1069056,0.000910589598061,-0.0006522245035739,0.0020846743995207,0.0005198660583118908
1071104,0.0005943149313679,-8.311619894811884e-05,0.0005166942763025,-0.0013667138438904658
1073152,0.0002495404056389,-0.0023189397848909,0.0004858386935666,-0.0019754622961045245
1075200,0.0010271621315041,0.0011414656008128,-0.0011097635404439,-0.002041747844486963
1077248,-0.0002474233260727,0.0001013676926959,0.0029103172841132,0.0022149155542138033
1079296,0.0015621508282492,0.000158554754671,0.0017085611536458,-0.0014905818374245428
1081344,-0.0004250193960615,0.0008299508073832,-0.0011902047815965,0.001415629374969285
1083392,-0.0009305623640102,-0.0004181580923614,0.0015980394869984,0.0007259847989189439
1085440,0.0016319795002345,-0.0009890998597256,9.092430336750112e-05,-0.0005607210478046909
1087488,-0.0007687680874369,0.0006289379263762,0.0022397555891075,-0.00023059771483531223
1089536,0.0004359191676485,-0.0003542583457601,-0.0031431440191227,-0.0011115430563222617
1091584,-0.0002883299908717,-0.0017239415450603,0.000631083335611,0.0006322924942651298
1093632,0.0021102966959006,0.0023854719751398,0.0011496390856336,-0.00028264776337891815
1095680,-0.0009652810971601,0.0012563872995087,-0.000465001098928,-0.0026483832945814354
1097728,0.0018510756592149,-0.0021328614486264,0.0001790303620509,-0.0025095171222346835
1099776,-0.000115040403034,0.0006165252474602,0.0006684219370072,-0.0019158998991770204
1101824,0.0014964773421525,-0.0015803395930561,0.0018639617424923,-0.0024225581568316557
1103872,-0.0021983166327117,-0.0002536169740778,0.0014018661153386,-0.0010946909547783434
1105920,0.0011669031096971,-0.0001323182848864,0.000907269588788,0.0025366452129674142
1107968,0.0015319150188588,-0.0001877904112916,-0.000440908136079,0.00043950004474027084
1110016,0.0017763983603799,0.0020357669214718,0.0003614898021623,0.0010167289132368752
1112064,-0.0005843713428475,-0.0006019853761245,-0.0017045836924808,-0.0012898651955765672
1114112,0.0011866219545481,0.0019419967677094,0.0003769497823668,0.00017141966527560725
1116160,0.002279439967242,-0.0013535483085433,0.0003879751558997,0.0002710896464122925
1118208,0.0002576941871666,-0.0011674558394588,0.0008108841284411,-0.0013134785505826585
1120256,-0.000307937405887,-7.431592093780637e-05,0.0009819979197345,-0.0008829154292470775
1122304,-0.0025742948542756,0.0009680401592049,0.0010162031350773,-0.00011015079944627359
1124352,0.0001355789325316,0.0015311567098251,0.0026385809585917,0.00015427874313900247
1126400,-0.0001275066912057,0.0008811660736682,-0.0001900454328279,-0.00034715567308012395
1128448,-6.953104020794854e-05,0.0018507890243199,-0.0007584426071844,-0.002456351126602385
1130496,-5.249169043963775e-05,-0.0006637445709202,0.000681091655133,0.0005809077265439555
1132544,0.0028977822410524,0.0026126815784664,-0.001086561147531,0.0010889666940784083
1134592,0.0006471881126344,0.001250665160478,-0.0015599392354488,-0.0008066011374467053
1136640,0.001380616769893,-0.0004285298273316,0.0011446833435911,0.0007054708155919797
1138688,0.0009827127127209,0.0014716519777721,0.001625730570231,-0.003297214826307027
1140736,-0.0007589284767163,0.0006665572203928,-0.0003765346089494,-0.0020790485315956174
1142784,0.0008245873803389,-0.0011935254042327,0.0006404994972399,-0.00034645822597667575
1144832,0.0011916681760339,0.0012882104856544,0.0015849230549065,0.002110714193986496
1146880,0.0005482074659084,0.0035339926296728,-0.001719731776393,0.0015229086639010347
1148928,0.0007611687979078,0.0020913835993269,-0.0004198362490569,0.0007870341840316541
1150976,0.0001653184415772,-0.0007968282734509,0.0001267056024516,0.0008332671452080831
1153024,-0.0001103852417145,0.0019584136345656,-0.0003734412370249,-0.0003588009625673294
1155072,0.000673081986315,0.002099019713205,0.0024509654744178,-0.0006829230529547204
1157120,0.0034312704694457,0.0014875578868668,0.0005408329816418,-1.610112813068554e-05
1159168,0.0009440366615308,0.0004776557689183,0.0023275304891285,0.0008882053778506815
1161216,0.001259682093223,-0.0003768266105907,0.0016788462722615,0.002472068504721392
1163264,0.0014924630828318,0.0028491261691669,-0.0013709784368984,0.0026235022698529063
1165312,-0.0015812242592801,0.0034508731725509,0.0006053455435903,0.0008148961263941601
1167360,0.0017827924399171,0.0018894264183472,0.0001482746127294,-0.0014635978383012115
1169408,0.001206856140925,0.0019457269008853,0.0039141469576861,-0.000493458284472581
1171456,0.0008999246259918,0.0010435081276227,0.0019751372718019,-0.0008541635645087809
1173504,-0.0010011180253059,0.0005708086151571,0.0015750061211292,-0.0018034536915365607
1175552,0.0012145911125116,0.0008293469218187,-0.0004959206315106,0.0029883262861403635
1177600,0.0009435363783268,-0.0008035866369027,0.0006930502247996,0.002283771101065213
1179648,0.0001930956117575,-0.0002019253166508,0.001136397261871,0.001981939215329476
1181696,-0.0013177787899621,-0.0005286591673211,-0.0030995526540209,-0.0017468313628342003
1183744,0.0014037027882295,0.0008191315311705,-0.0006828056633821,-0.0012994233955396339
1185792,0.0014378968262462,0.0009069818028365,0.0006498873219243,0.001191580384329427
1187840,0.0010175706658628,0.0031617358152288,0.0026483381225261,-0.002967349071695935
1189888,0.0015078578988322,-0.0018179879232775,0.0007204644287412,-0.0015769108591484836
1191936,0.0016284562429063,-0.0012741435763018,0.0001342969058896,0.0008813869557343423
1193984,-0.000301507426775,-0.0016864078774233,0.0026226097601465,-0.0024701410497073085
1196032,0.0002543045105994,0.0010078002800582,0.0031848609884036,-0.0007775218226015567
1198080,0.0011950077961955,-0.0001180517487227,0.0013591534428996,0.0020880910014966503
1200128,-0.0004714874448836,0.0020637393317883,0.0013704052587854,-0.000525301164452685
1202176,0.0007105124153895,-0.0002241113194031,-0.0040728100088017,0.0015866548608755692
1204224,-5.776176694780588e-05,-0.0003650769183877,0.0012118458718759,-0.0027846273078466766
1206272,0.0022080495997215,0.001977630033798,0.0005963297619018,-0.003010686156630982
1208320,0.0004695646392065,-0.0005998235094011,-0.0006059494589862,-0.0019142143748467789
1210368,0.0022747302646166,-0.0017608792462851,0.0024438917040242,0.0010971538824378513
1212416,0.0016322590177878,-0.0009678323665866,-0.0001582157477969,-0.0025392061157617717
1214464,0.0014065202631172,0.0017524144917842,0.0001619084112462,-0.000188402044295799
1216512,0.0005389274621848,0.0003815162825048,0.0014407899609068,-0.0009311150613939389
1218560,-9.523783446638844e-05,-0.000103375405888,0.000667964486638,-0.0013149230166163762
1220608,0.0036315092031145,0.0003782846353715,-0.0003513348812703,-0.001621872889518272
1222656,-0.0004544920368061,0.0020460947707761,0.0028457143271225,-0.0015531217810348607
1224704,-0.0021307280519977,0.001817946601659,0.0021843214155524,-0.00032278009166475385
1226752,0.0010630570730427,0.0018231188383651,0.0029559205926489,-0.0006302479625446722
1228800,-0.0032179244590224,-0.0007510757568525,0.000311614194652,-0.0006187013466842472
1230848,-0.0007919028314063,0.0010549346727202,-0.0005950800026766,-0.0031239387884852477
1232896,-0.0004081092192791,0.0011464196977613,0.0018017519076238,0.0012977810925804078
1234944,0.0020032564658322,0.0028577457400388,-0.0006724938662955,-0.001935447049618233
1236992,2.224899362772703e-05,0.0023850687124649,0.0015200754525722,-0.0012620169785805047
1239040,0.0011846380934002,-0.000908756640274,-0.0007760294349282,0.0001296320464462042
1241088,0.0019290072479634,0.0032797250634757,0.0004542981201666,0.0018865647361963056
1243136,-0.0016220796016568,0.0028621501129237,0.0006137859803857,-0.0026917216659057886
1245184,-0.0011196255596587,0.0024294594993989,-0.0014865605757222,-0.002635609603021294
1247232,8.937969541875646e-05,0.001092164646252,-0.0010226290149148,-0.0015337426884798333
1249280,0.0012749398309097,1.6305973986163735e-05,0.0018760066857794,-0.002656520671735052
1251328,0.0007791100812028,0.0020505065753241,0.0018823128935764,-0.0008422128696111031
1253376,-0.0008784587815171,0.000925110807293,0.0009209465337335,0.0022233443552977404
1255424,-0.0006750655455107,0.0013393007728154,0.0026793955170433,-0.0034578026257804594
1257472,-0.0017605117260245,0.0008672750715049,0.0024312538822414,-0.0003617464157287031
1259520,0.0014038244989933,0.0028246199697605,0.0001351736675132,-0.0021294283680617808
1261568,0.0003365421056514,0.0021328694565454,-0.0015276424659532,0.00023506483121309428
1263616,0.0010132905023056,0.001671313848783,0.0020656314838561,-0.0014398750921827742
1265664,-0.0002947365042928,0.000282050059468,0.0006106622153311,0.001014266343554482
1267712,0.0012521446813479,-0.0004665363703679,0.003055921286068,-0.002230728341965005
1269760,-0.0006000241133733,0.0014304932279628,-0.0003379595087608,-0.0009474163191043772
1271808,0.0016354573293938,0.0013607708002382,-0.0003306962476926,-0.002619902383594308
1273856,-0.0011376053822459,0.0001135951592004,0.0023387366352835,-0.0032036259784945288
1275904,-0.0011172344413353,-0.0020559151438646,-0.0002291153316036,-0.002625160715251695
1277952,0.0031618308101315,0.0009345867933006,0.0017373840106301,-0.0005395193307776936
1280000,-0.000229288067203,-0.0002489845035597,0.0023670655384194,-0.0006714709670632146
1282048,1.0182398546021431e-05,0.0040473231361829,0.0004796072447788,-0.0002169665676774457
1284096,0.0003751037394977,0.0016651751750032,0.000710597221041,-0.0007374825989245437
1286144,0.0011460425099357,0.00188385858346,0.0015907137960311,0.0015596164332237095
1288192,0.0002487915800884,-0.0006587630021385,-0.0006777736125513,-0.00038246856420300903
1290240,0.0004286752315238,0.0010306504773325,0.0020593157983967,0.0005078812086139805
1292288,-0.0008781922821071,0.0022222958650672,0.0030793103491305,0.00023835041210986673
1294336,0.0031198921409668,0.0003138434389256,0.0010983507658238,0.000665170862339437
1296384,0.0020442690045456,-0.00312297577766,0.0003683723072754,0.0001441455489839427
1298432,-0.0005153393314685,5.769989656982944e-05,0.0007684449898079,0.0003737222868949175
1300480,0.000508400957915,-0.0002526673182728,0.0027558374160435,0.0007377495188848115
1302528,0.0019451989544904,0.0001789301735698,-0.0004349950700998,-0.0009779373969649896
1304576,0.0025092281481192,0.0002508027755538,-0.0025554414809448,0.0012540426876512356
1306624,0.0008962322201114,0.000810489594005,0.0008548489204258,0.0021565564049524253
1308672,-0.0022663412048132,-0.0012434907941496,0.0023421219666488,-0.0007039802898361813
1310720,-0.0006590121221961,-0.0005814015108626,-0.0008897173596778,0.002008720629964955
1312768,-0.0004451503089512,0.0012947584400535,0.0026525962137384,0.0003723154266481288
1314816,0.0021635291326674,5.537625984288752e-05,0.0017142399650765,-0.0021634397664456627
1316864,-0.0035419761232333,0.001466928787704,-0.0010108553469763,0.0024381646137044298
1318912,0.0020203137537464,0.0002992453300976,-8.171235822374001e-05,0.00015092745888978243
1320960,0.0003959942681831,-0.00049107332743,0.0032439149472338,-0.0018123616653610952
1323008,-0.0026257927311235,0.0018952225233078,-0.0005115998807013,-0.002481749996513827
1325056,-0.002114758954849,0.0013893938834371,0.0021000902022933,0.00018119177111657335
1327104,-0.0012108268369047,-0.0001659859830397,0.0016053185725468,0.0001334103711997159
1329152,0.0021720466640545,0.0021677401397028,0.0034570120558782,-9.045467304531485e-05
1331200,-0.0021753340275608,0.0012255094174179,-2.5038393505383284e-05,-0.0003203437896445394
1333248,-0.0009724015806568,-0.0011421037735999,-0.0005048285165685,-0.0004028895818919409
1335296,-0.0001699864093097,-0.0007007481559412,0.0008953435477451,-0.0004654285075957887
1337344,-0.0008181022232747,0.0005133457307238,0.0036300779771408,-0.0008026291630812921
1339392,-0.0004333036369644,0.0011938676558202,0.001709212816786,-2.021337713813409e-05
1341440,0.0008610899341874,0.0043050545980804,0.0014269166305894,-0.0013014111580559983
1343488,-0.0005289354987326,0.0030492571488139,-0.0007905624675913,0.00036582822940545157
1345536,-0.0017731981657561,-0.0004892592114629,0.0014102114437264,-0.00044275485997786747
1347584,0.0010949944509775,0.0025238800459192,0.0013057957636192,-0.0019354086747625844
1349632,-0.002386250408017,0.0023634514967852,0.002044783225574,0.0008584771247114986
1351680,-0.000204482099798,-0.0007365536483121,-0.0009604939594282,0.001939734183542896
1353728,-0.0010525537974899,0.0020877701506833,3.4304781001992525e-05,-0.0006212851134478114
1355776,0.0011053441172407,0.0001784188803867,-0.001668974225322,0.0006774580455385148
1357824,-0.0013029519919655,0.0017595623561646,0.0008984653119114,0.001137022532930132
1359872,0.0008622792207461,0.0027559163747355,0.0028537200545542,-0.0006820386479375884
1361920,-0.0038739528376027,-0.0004793814092408,0.0030911483103409,-0.00016919014742597938
1363968,0.0003801042636041,0.001665783917997,0.0006978143021115,0.00010624733549775555
1366016,0.0005404602954513,-0.0010523173194087,0.0007503959648602,-0.0023582736888783985
1368064,0.0011246265348745,0.0016198949364479,-0.0012116478261305,0.000730145913985325
1370112,0.0010095650584844,0.0011195940489415,0.0026023393103969,-0.0021454179935972207
1372160,0.0012944778361998,0.001808526237437,0.0011451830214355,0.001977961958618835
1374208,-3.320716496091336e-06,-0.0020606673439033,0.0002898780017858,-0.0008699567479197867
1376256,0.0015665458020521,0.0009808526927372,0.0009867776287137,0.0013478126944391987
1378304,-0.0001154120011051,3.769101604120806e-05,0.0008109010464977,-0.0016427991955424658
1380352,-0.0018104339542333,0.0036695955728646,-0.0034919455501949,-0.003016212210059166
1382400,-0.0014196317213645,0.0026460435903572,0.0037096100204507,0.0007117942077456973
1384448,0.0011922653167857,-0.0008651850119349,0.0026364306213508,-0.0010157906421227382
1386496,0.0022192396048922,0.0007453492435161,-6.143956416053698e-05,-0.00120332196529489
1388544,0.0010439081655931,0.0013612370632472,0.002368929660588,0.001580382592510432
1390592,0.0022101375288912,-0.0008117590943584,-0.0008156997413607,0.00040660844533704223
1392640,0.0019160331226885,0.0009751427263836,0.0008238003894803,9.861952130449936e-05
1394688,0.001359762258653,0.0012328916578553,0.0012926259965752,3.833089431282133e-05
1396736,-7.178551168181002e-05,0.0023831126425648,-0.0011918292708287,-0.0015053776405693498
1398784,0.0006763115190551,0.0033870153754833,-0.0016834465088322,0.0020733321682200765
1400832,0.0011499221058329,0.0006367069116095,0.0030531311655067,0.0006949701244593598
1402880,0.0016316307533998,0.0040979758370667,-0.0003856046518194,-0.0005402818162110635
1404928,0.0017499961264547,-0.000607181477244,-0.0007462226669304,-0.0013118802380631678
1406976,0.0015037624762044,0.0008591449397499,0.0005167270253878,0.0015694188157794997
1409024,0.0009315989809692,-0.0013437300622172,0.004313546603953,0.00012365344155114145
1411072,0.0002116464042046,0.0012786022562067,0.002949232130777,0.003192814211070072
1413120,0.0019575218830141,0.002513363030448,0.0013966340600745,-0.0007859579025534913
1415168,0.001327508581744,0.0009411027713213,0.0035460463099298,0.0013347499654628337
1417216,-0.0004954205578542,0.0016858881368534,0.003196289409243,-0.0009306052837928291
1419264,0.0033076857143896,0.0013058549055131,0.0017308243521256,-0.000663298113795463
1421312,0.0033825182108557,0.0020462297012272,0.0023743849189486,-0.002917919945321046
1423360,5.730018674512394e-05,-0.0032224931448581,0.0015431303319928,0.0015202701179077849
1425408,0.0007417139466269,0.0024931966836447,0.0028564520616782,-0.004085155845677946
1427456,0.0008831436585751,0.0018009431063546,-0.0011321440950268,-0.00017610130380489862
1429504,0.0007986216332938,0.0002414818955003,0.0024361929026781,0.0021686219741241077
1431552,0.0013722153831622,-0.0005086017758003,0.0009881575708277,0.0009873085102299229
1433600,0.0009274318785173,0.0029605435353005,0.0003943737625377,0.0004993755224859342
1435648,0.0003903700853697,0.0020148334915575,0.001235873112455,0.0009698737580038141
1437696,0.0021164937090361,-0.0010619982116622,0.0015836430393392,0.000519377881573746
1439744,0.0007162113062804,0.001798121460888,-0.0001380052577587,0.0012000804068520664
1441792,0.0010916612387518,-0.0003037125643459,0.0002330572475329,0.0004163572950346861
1443840,-0.0009992517294449,0.0003847930594929,0.0021220439768512,0.0008469101194350515
1445888,0.0013335314972209,0.0021912273135967,-0.0004717124611488,0.0004915823421470123
1447936,0.0003100729489233,0.002120750548056,0.0008939689934777,0.0003439219988649711
1449984,0.0028327471882221,-0.0009043575832038,-0.000526673105196,0.0010873504637856969
1452032,0.0039705116083496,0.0023450825254258,0.0021723888377891,-0.0011343066435074434
1454080,0.0012438195779395,0.001246893237112,0.0014237002804293,-0.0003238207907998003
1456128,0.0010952582262689,0.0042012263111246,0.0009927353909006,-0.0011540273611899466
1458176,-7.48646489228122e-05,0.0006542320348671,0.0007937073423818,0.0005426172079751268
1460224,0.0004560964182019,0.0014634818580816,0.0026762790905195,0.00047892183356452734
1462272,0.0014559229442966,0.0014864880635286,0.0025314707920188,0.00017611135117476807
1464320,0.0024605035978311,0.000215686255251,-0.0024706414420506,-0.0003495084340102039
1466368,0.0009829171322053,0.0002152548491721,0.0027307601492793,0.001120761084894184
1468416,-0.0027605542505625,-0.0018008379309321,0.0017217927146703,0.0018884885954321361
1470464,0.0009945451340172,-0.0008406191671383,0.0010435977892484,-0.003384229456423782
1472512,0.0032496187515789,-0.0010560818293015,-2.217339933849871e-05,6.2516293837688865e-06
1474560,-0.0009818412610911,0.0032031219627242,0.0014332792852655,0.0013413407265034038
1476608,0.0009661167336162,0.0034419319126755,0.0028098125498217,0.0005959851172519848
1478656,0.0008228086378949,-0.0001903002586914,0.0020326458441559,0.0012107677495805547
1480704,-0.000698985964118,0.0019912012197892,0.0029572415303846,-0.0001959414585144259
1482752,2.4462089641019704e-06,0.0005189386662095,-0.0013468188088154,0.0026936393463984133
1484800,-0.0015712607782916,0.0032144708500709,0.0007995022941031,0.0002268674172228202
1486848,-0.0005319916032021,0.0034178590118244,0.0005526857145014,0.00042548213532427325
1488896,0.0013806643502903,-0.0002543895490816,0.0020449415940674,0.0006387158660800196
1490944,0.001546953414072,0.0013918010692577,0.0026283925762982,0.0016725136723835022
1492992,0.0019056777775404,2.1983210899634287e-05,-0.0011530798918101,0.001655404672783334
1495040,-0.0010775542381452,0.0033604939118959,0.001937932200235,-0.000906874134670943
1497088,-0.0002830344004905,0.0020938235786161,-0.0007384827375062,0.0005627391918096691
1499136,-0.0016693365701939,0.0020872674140264,0.0013203961367253,0.0017718265153234825
1501184,0.0011025580912246,-0.0015982812474248,-0.0002838190644979,-0.0011235006328206508
1503232,0.0004537216882454,-0.0047608418317395,-0.0077675354768871,-0.008620828799030278
1505280,-0.0019267884927103,-0.0053528150194324,-0.0071716849895892,-0.006094889501400758
1507328,0.0005035240727011,-0.0071235629395232,-0.0107472743155085,-0.006865409054444172
1509376,2.889095048885793e-06,-0.0046267602701846,-0.0122107527960906,-0.00960404299403308
1511424,-0.0056928655976662,-0.0060388336889445,-0.0093257099913898,-0.008766678784741088
1513472,-0.0064296644894056,-0.0076313590456265,-0.0076930004215682,-0.010312521619198378
1515520,-0.0073638210305944,-0.0100162739254301,-0.0065005021839169,-0.0076836181819089685
1517568,-0.0097325191265554,-0.0144862081273458,-0.0058974540967028,-0.007939108685241081
1519616,-0.0109391978257917,-0.0090201316430466,-0.0067807943021762,-0.01308105651551159
1521664,-0.0069996711761632,-0.0135975591983878,-0.00712701392913,-0.006468208713340573
1523712,-0.0088904848671518,-0.013877490570303,-0.0041015119408257,-0.007366287872719113
1525760,-0.0095514394874044,-0.0089619574588141,-0.0023182842807727,-0.007784170723607531
1527808,-0.0082717745710397,-0.0093425602623028,-0.0034088117550709,-0.0035368290584301574
1529856,-0.0061563907307572,-0.0091609358321875,-0.0067231495653686,-0.0037582507080514914
1531904,-0.0121489054014091,-0.0064293422052287,-0.0049416443696827,-0.0033457078985520638
1533952,-0.0073594207598944,-0.0091840992012294,-0.0042644375600502,-0.0028049653366906567
1536000,-0.0063971269686589,-0.0093274639555602,-0.0042562232250929,-0.005164420242363121
1538048,-0.0121623349805304,-0.008094142730988,-0.0037058043628348,-0.005181851630914025
1540096,-0.0119277450372464,-0.0099125941829697,-0.001581398237613,-0.0019085721505689435
1542144,-0.0065218603936955,-0.0062526276538847,-0.003384800463391,-0.0007296000490896404
1544192,-0.0056354319196543,-0.0047111304898862,-0.0028329364242381,-0.0016918837383855135
1546240,-0.0069558446746668,-0.0069536508308374,-0.0038867043331265,-0.0009346977923996747
1548288,-0.0064965159792336,-0.0050573574568261,-0.0030655450958875,-0.0025560310823493637
1550336,-0.0071082814916735,-0.0046528959835995,-0.0029950451746117,-0.002097668567148503
1552384,-0.0048227018916804,-0.0030002134211827,-0.0011672430802718,-0.0012270840103155932
1554432,-0.0063244592340197,-0.0042429693610756,-0.0046011501544853,-0.004215872705390211
1556480,-0.0044654372148215,-0.0033867370337247,-0.0020351398838101,-0.0012545856283395552
1558528,-0.0065598483124631,-0.0023556977583211,-0.0048107579743373,-0.002505700834444724
1560576,-0.0064251174408127,-0.0022496600024169,-0.0026379757706308,-0.0014079111759201623
1562624,-0.0059446449871757,-0.00241326529067,-0.0025803626842389,8.731834823265672e-05
1564672,-0.0076854634127812,-0.0012744189210934,-0.0029879317866289,-0.000596921213582391
1566720,-0.0076024921640055,-0.0006270249163208,-0.0015883985877735,-0.0027139382204040886
1568768,-0.0045329291009693,-0.002640296453319,-0.0044670696399407,-0.0005541511229239405
1570816,-0.0048776245108456,-0.0011208549301954,-0.0018324039469007,-0.0013680815100087784
1572864,-0.0070118115021614,-0.0014668428499135,-0.0027206988161196,-0.0013125557161401957
1574912,-0.0030701131719979,-0.0023331607430009,-0.0014697559548949,-0.0030090155050856993
1576960,-0.0032762139628175,-0.0013611953967483,-0.001699862172245,-0.00046678768048877826
1579008,-0.0035508691260474,-0.0026423731280374,-0.0044099083170294,-0.0035325090648257174
1581056,-0.003031458267651,-0.0028463016366004,-0.0012235608439368,-0.0014809928528848105
1583104,-0.0030161642396706,-0.0049833181547001,-0.0002248033124487,-0.00142778163717594
1585152,-0.0035968480122392,-0.0010651303920894,-0.0035371887264773,-0.0004900276442640461
1587200,-0.0038271743862424,-0.0013980593095766,-0.0032363962149247,-0.0007754767881124281
1589248,-0.0036661723919678,-0.0028724419229547,-0.0009063515622983,-0.0014507036670693197
1591296,-0.0008461681070912,-0.0005121163354488,-0.0002817993045027,-0.003365404802025296
1593344,-0.0039254562216228,-0.0016070343874162,-0.0017780523907276,-0.003264201182173565
1595392,-0.0040775674366159,-0.0019549235003069,-0.0023475072404835,-0.0019187264566426165
1597440,-0.0025420746707823,-0.0017846778762759,-0.0025260430702473,-0.0009673604276031256
1599488,-0.0037091821446665,-0.0006214154273038,-0.0003290356457,0.0001065486401785165
1601536,-0.0030104732795734,-0.0022737315390259,-0.0020870204432867,-0.001378140652377624
1603584,-0.0021603138855425,-0.0003530233225319,-0.002423792699119,-0.0008443401966360398
1605632,-0.0032273142860503,-0.0010593375118332,-0.0028327017425908,-0.0015870284565608016
1607680,-0.0021701142919482,-0.0025718249293277,0.0003654823580291,-0.001630524912616238
1609728,-0.0014226562911062,-0.003083599085221,-0.0003011777313076,-0.0025007660617120562
1611776,-0.0036355820673634,-0.0023105694825062,-0.0020530875190161,-0.0021444632759084923
1613824,-0.0050317607659962,-0.0033376300038071,-0.0011377444548998,-0.0017811072393669747
1615872,-0.0073203512918553,-0.0021865971095394,0.0002000855172809,-0.0023083059742930344
1617920,-0.0017061117163393,-0.001771609019488,-0.0011242412889259,-0.00315069093630882
1619968,-0.0017861947439087,-0.0020976621497538,-0.0013769721408607,-0.0023767230864905286
1622016,-0.0003032580396393,-0.0013981325158965,-0.0004015028302092,-0.0017408016617991961
1624064,-0.0016523233658517,-0.0011324045204673,-0.0032050630485173,2.5018896849360317e-05
1626112,-0.0020697460364317,-0.0028674774817773,-0.0032939822805928,-0.001371121966803912
1628160,-0.0032429747923742,-0.0015285968416719,0.0006792586500523,-0.002358227362856269
1630208,-0.0023949028574861,-0.0010648095601936,-0.0025821057526627,-0.001336790075583849
1632256,-0.0009717911409097,-0.0045624930251506,-0.0004468441999051,-0.0008175469876732678
1634304,-0.0033180565777001,-0.0008643979250336,-0.0001142453606007,-0.0031508438631135506
1636352,-0.0015980367621523,-0.001200526006869,-0.0027749589615268,-0.003801353833114263
1638400,0.0001270734937861,-0.001969362705131,-0.0012976202240679,-0.0036031851937877945
1640448,-0.0018249927423312,-0.0013786866184091,-0.0009658176146331,-0.00238820939703146
1642496,-0.0013118245115038,-0.001099667258677,-0.000524813075026,-6.68313805363141e-05
1644544,-0.0033352656275383,-0.0046587050470407,-0.0018825987004674,-0.0013443700372590683
1646592,-0.0006815247048507,-0.0014721024024765,-0.0022019851850927,-0.0037751226671389306
1648640,-0.0001179226637759,-0.0022497880185255,-0.0022545803789398,-0.0021551639714743943
1650688,-0.0002398632525,-0.0011956944174016,-0.0010913722799159,-0.0006417501193936914
1652736,-0.000846640895179,-0.0007067566562909,-0.003270461448119,0.0005789503818959929
1654784,-5.893850029679015e-05,-0.0015638038981705,-0.0006631030555581,-0.0009051004264620133
1656832,0.0006397804965672,-0.0040022265238803,-0.0001705227805359,-0.0009301445767050609
1658880,-0.0013181831964175,-0.0015201279136817,-0.0002735402827966,-0.003041785879759118
1660928,-0.0018173143223975,-0.0017995781439822,-0.00056334885885,-0.0011403505253838376
1662976,-0.0014123503337032,-0.0039164365065516,0.000249893325963,-0.0025768771694856694
1665024,-0.0019015761288756,-0.0024001440891879,-0.0033316850647679,-0.0018298528782906942
1667072,-7.835727301426232e-05,5.553670562221669e-05,-0.0013165130119887,-0.002261488659132738
1669120,-0.0004899480714811,-0.0026625688071362,-5.360433351597749e-05,-0.0011343585909344255
1671168,-0.0008588791082729,0.0002156958711566,-0.0019329221096995,-0.004008348331262823
1673216,-0.0026446180818311,-0.0024034729081904,-0.0005887712344701,0.00011624473700067028
1675264,-0.001878804876469,-0.0023037617254885,-0.0014692522723635,0.001076456550799776
1677312,-0.0014443154126638,-0.0029051531819277,-0.0002203386262408,-0.0021108721528435128
1679360,-0.0013012023293413,-0.001292968277994,-0.0028220558582688,-0.001100231197779067
1681408,0.0001965858580661,-0.0008509969142323,-0.0008395930504775,-0.0018089497083565221
1683456,-0.0014427837581024,-0.000126562108926,-0.0035435204452369,-0.0008673447955516167
1685504,-0.0011117183297756,-0.0016547787599847,0.0002833947786712,-0.00036519343411782755
1687552,0.0003892811320838,-0.0002716206283366,-0.0003674367340863,-0.0008076145095401444
1689600,-0.0002820775654981,-0.0013838133905665,-0.002945781800372,-0.003722045972244814
1691648,-0.0004517553767072,-0.0022853027367091,-0.0046745425628614,-0.005222134124778677
1693696,-0.0002920768092735,-0.0004659727259422,-0.0012881011047284,-0.005049712519394234
1695744,-0.0018477659570635,0.0001428418137948,-4.4835475273430346e-05,-0.0016216042771702633
1697792,-0.0031667601171648,-0.0005746851871663,-0.0010547588361077,-5.5903942848090085e-05
1699840,-0.0022495678160339,-0.0008762109959207,-0.0013642735051689,-0.0008425662381341681
1701888,-0.0002574809528596,-0.0004925072527839,0.0007562920582131,-0.0006082746753236279
1703936,-0.0013569829592597,0.0002987898245919,-0.001504856122483,-0.0024672395091329237
1705984,0.0004300139393308,-0.0013063651887932,-0.0041731165641976,-0.0009987540150177665
1708032,-0.001186340238928,-0.001895572298963,-0.0013348391796171,-0.0002967348060337827
1710080,-0.0006284834220423,-0.0013509942225937,-0.0059371290320996,1.769748778315261e-05
1712128,-0.0012024645373458,-0.0039680541827692,0.0002081450409605,-0.0015523456459050067
1714176,-0.0014830031999736,-0.0030082454963121,-0.0003409728764381,-3.465918707661331e-05
1716224,-0.0003901281226717,-0.0009042020305059,-0.0015567189984722,-0.0003043319913558662
1718272,0.0007705234078457,-0.000967454854981,-1.7086946172639728e-06,-0.000416181939363014
1720320,0.0005152320278284,1.917233166750521e-05,-0.0007232074422063,-0.005582481321471278
1722368,9.744527196744456e-05,-0.0017435099172871,0.0006688202753139,-0.0022626571982982567
1724416,-0.0004050382704008,-0.0022357565678248,0.0006259594898438,0.0006794918932428118
1726464,-0.0018288351697265,-0.0026077044036355,0.0002753406035481,-0.0008282169081212487
1728512,0.000601067039679,-0.0015560911044303,-0.0026944295736029,-0.0018451830022968353
1730560,-0.0020020097901578,-0.002444396118517,-0.0013405389865511,-0.0011515757490997204
1732608,-0.0011268344489508,-0.0005494326993357,-0.0043084256103611,-0.0005298864445649088
1734656,-0.0003932712133973,0.0010787356703076,0.000159633365547,-0.0017623223582631908
1736704,0.0002892062955652,-0.0027609573648078,-0.0056864830265112,-0.0021501340248505584
1738752,-0.0014339639179524,-0.0002728200452111,-0.0008675684330228,-9.020144934765995e-05
1740800,-0.0015948742744512,0.0010163720187847,-0.0021888381903409,-0.0014576043220586143
1742848,-0.0027027471063775,0.0010043769245385,-0.0002875713791581,0.0003154917802021373
1744896,-0.0010983058426063,-0.001457885462878,-0.0011448759833001,-0.00015010946663096547
1746944,-0.0013489807621226,-0.0005501591818756,0.0006578192289453,-0.0008902639267034829
1748992,-0.0029045158691587,-0.0011777435356634,-0.0008972530267783,-0.0002661284976056777
1751040,-3.2762640330474824e-05,-0.001272977492772,-0.0008157210228091,0.0003620777744799852
1753088,-0.0012526696227723,0.0013414821914921,-0.003095634879719,-0.001717299607116729
1755136,-0.0024521283135982,-0.0024418974804575,-0.0005955457745585,-0.0036928828005329704
1757184,-0.0032816561280924,-0.0005841312042321,-0.0031740457263367,-0.0006916578960954212
1759232,0.0003457026090472,-0.000193887707428,-0.0022810711874626,-0.007609829382272437
1761280,-0.0016560522664804,0.0007489622352295,-0.0018162239095545,-0.0007417563872877508
1763328,-0.0008348244431545,-0.0028579648511367,0.0002859519176126,-0.0012356273931800389
1765376,-9.055348054971546e-05,0.0004240423731971,-0.006851598774665,0.0006986347216297872
1767424,-0.0003776366709644,0.0005917191054322,-0.0009793446210096,0.0007200765088782646
1769472,-0.000249565517879,-0.0027440555175417,-0.0076035760699596,-7.162506226450205e-05
1771520,-0.0017232639751455,-0.0005921296789892,-0.0010722199149313,6.56215903291013e-05
1773568,-0.0005379839996749,0.0005674922198522,-0.0033140596933662,-0.0007832927629351615
1775616,0.0006319546635495,-0.003014660491317,-0.0009184066744637,-0.0020785342501767447
1777664,-0.0002745329693425,-0.0006689995221677,-0.00048391448654,0.0002442406679620035
1779712,0.0007686135853873,-0.0009437738000997,-0.0006675498967524,0.0010497765659238211
1781760,0.0007807555841282,-0.0016885010612895,0.0002087886314257,0.0007647961749171373
1783808,0.0003498822567053,0.0001452698517823,-0.0002052776821074,0.000981105958635453
1785856,-0.0019075755670201,0.001688754116185,-0.0057071746196015,0.000799427309539169
1787904,0.0001568083040183,6.913056131452322e-06,-7.523168751504272e-05,0.0004076169076142833
1789952,-0.0001543563441373,-0.0008931321848649,-0.0030143078693072,0.0003596958238631487
1792000,3.326834994368255e-05,0.0007930194697109,0.0005854968621861,-0.0006752499190042727
1794048,0.0006134691793704,-0.0012771127963787,0.0001400008353812,0.0011162485781824217
1796096,-0.0010455184179591,0.0009411701932549,-0.0025757970332051,-0.0011163636343553662
1798144,-0.0011512686141941,0.0003306385580799,-0.0062974935310194,-0.0003305631675175391
1800192,-0.0009364807381643,-0.0009696737426565,-0.0022437266758061,-0.0005671692662872374
1802240,-0.0008046697184909,0.0004498144407989,-0.0021318903920473,0.0004180262301815674
1804288,-4.492027655942365e-05,0.0010445198568049,-0.0013958277479105,0.000346612864814233
1806336,-0.0012609152734512,0.0001012266700854,0.0004941589679219,-0.00015479583234991878
1808384,-0.0004336574900662,0.00088875535439,-0.0011146153017762,-0.001750340187572874
1810432,7.457590327248908e-05,-0.00111457426392,-0.0030333977469126,-0.002797996359731769
1812480,0.0008094923687167,-0.0009623075122362,-0.0038043545901018,2.2943051590118557e-05
1814528,0.0011355137110513,-0.0013421110052149,1.5828985488042237e-05,0.00033192231494467707
1816576,0.0003620712755946,1.6864239296410232e-05,-0.0029887335716921,-0.0016308212696458213
1818624,0.0005862523437826,0.000833451483777,-0.0010820255774888,-0.00046293337654788045
1820672,-0.0034319925391173,0.0013528321287594,-0.0026970596518367,-0.0003811699236393906
1822720,-0.0014927263837307,-0.0050077148523996,-0.0041602330224122,-5.999497225275263e-05
1824768,-0.0027447796266642,0.0009018261014716,-0.0072576461403514,0.0014997865320765414
1826816,-0.0058240842859959,-0.0007193893092335,-0.0025079330254811,-0.0005052550579421223
1828864,0.0003232343660783,1.647864410188049e-05,-0.0004770366642333,-0.00023670499649597332
1830912,-0.0001013707536912,-0.0004066156281623,-0.0060681379924062,-0.000512903556227684
1832960,-0.0013967560189485,0.0001992457779124,-0.0042788659411598,0.0009122365940129384
1835008,0.0008271044804132,-0.0034505567353335,-0.0046783043137111,0.0007967562181875109
1837056,0.0001644606658373,0.0009509525341854,-0.0002247540978714,0.0006556479638675228
1839104,-0.0002311018550244,-0.0015687008359236,-0.0017952618538402,-0.0011595997908443677
1841152,0.0005241022008704,0.0010097889360622,0.0005253228096989,-0.0007934333487355616
1843200,0.0008507410471793,-0.0022551338384801,-0.001582328625227,-0.00031128949485719203
1845248,-0.0007590415087179,-0.0021472393804288,-0.0016271773914922,0.0018531816793256439
1847296,0.0009795300124096,0.0021102095488458,-0.000342440586246,0.00013945025129942225
1849344,-0.0008119805861497,-0.0025578559776477,-0.0004925988003378,0.0010415346871013754
1851392,-0.0011335088434861,-0.0001444058492779,-0.0001252399248187,-0.0006760838645277545
1853440,0.0004506172510446,0.000918138500856,-0.0031244762023561,0.0004172648026724346
1855488,-0.0008537760862964,-0.0003145823073282,-0.0002958191900688,-0.0015067418491526042
1857536,-0.0010777864838019,-0.0019570425974961,-0.0025096413257415,0.0006433220522012561
1859584,-0.0018183329739258,-0.0019630854250863,5.732953432016075e-05,0.0011389024803065695
1861632,0.0005945895143668,0.0005549591049202,-0.003474581753835,-0.0010100378000061027
1863680,-0.0002700189652387,-0.0014242309858673,0.0001955294777872,-0.0009885101004329044
1865728,0.0007206946713267,-0.0007734467624686,-0.0032123486118507,0.0007760437059914693
1867776,-0.0003248213193728,0.0010059718464617,-0.0007494961035263,-0.0024775043755653316
1869824,0.0008395787910558,-0.0007665368699235,-0.0006685864682367,0.0006328958392259665
1871872,0.0008178381773177,-0.0024309598818945,-0.0031088939736946,0.0013052969312411732
1873920,0.0015868402842897,0.000599863291427,0.000586944688257,0.000858675129711628
1875968,0.0005022088182158,0.0003167749120621,-0.0019384232131415,-0.00045650791289517654
1878016,0.0005309104628395,-6.057947757653892e-07,-0.0024368397120269,-0.00019586094058468006
1880064,-0.0006535073291161,0.0006403473074897,0.0031480783582082,0.00036460895425989294
1882112,-0.0013550750998547,0.0011549951203051,-0.0010467511718161,0.0012254963323357515
1884160,-3.7219955993350594e-05,0.0004810928701772,-0.0041993128150352,-0.00553404821548611
1886208,-0.0001814595147152,-0.0006161138364404,-0.005079752052552,-0.0007185444599599577
1888256,0.0005318822120898,0.0010073677040054,-0.0031181593236397,0.0016080019348009955
1890304,-0.0009068395898793,-0.0019350884249433,-0.0013464290866977,-0.0029406399153231177
1892352,0.0007321539625991,-0.0002068398636765,-0.0016900972579605,-0.0007311913330340758
1894400,0.0005365625533158,-0.0022039114948711,-0.0004283872331143,4.26266597060021e-05
1896448,-0.0016821477402118,-0.0005144400434801,0.0001543598584248,0.00010592300241114571
1898496,0.0009718450703076,-2.4656370806042104e-05,0.0004543702045339,0.0011662401266221423
1900544,-0.0007100800605257,0.0001437164188246,0.0001077525899745,0.0004121402118471451
1902592,0.0010602206239127,0.0007036543203867,-0.0005867851665243,-0.0019407149782637134
1904640,0.0015861833177041,-0.0017662620564806,-0.0004830965975997,0.0005713458245736547
1906688,-0.00072373564617,0.0009547186724375,0.0007767359973513,0.002516304278105963
1908736,-5.056252848589793e-06,0.000555254437495,-0.0012275561224669,-0.001770138599385973
1910784,-0.0002574422716861,0.0012248297629412,-0.0022398505825549,-0.0026040929020382463
1912832,-0.0005179618339752,-0.0013308713940205,0.0004571687459247,-0.0015781059162691235
1914880,-0.0019650666887173,0.0004111086927878,-0.0028649982668866,-0.007397300076263491
1916928,-0.0038682829763274,0.000312730713631,-0.0001233704591868,-0.001962306522182189
1918976,-0.0010728840221418,0.0008435659328824,-0.0033274693836574,0.000484014509129338
1921024,-9.46264946833253e-05,-0.0010786018472572,-0.0014839100753306,0.00023034727419144475
1923072,-0.0005876683251699,0.0007491484648198,0.0017502073373179,0.001128328812046675
1925120,-0.0005264173523755,0.0001469879593059,-0.0024014459442696,0.0004596165686962195
1927168,-2.0535325165838004e-05,-0.0004537118511507,0.0015605752487317,0.0014772474227356725
1929216,0.000464339237078,0.0004142596466408,0.0026189343567239,-0.00026353299617767336
1931264,-0.0021423138328827,-0.0020391450394527,-0.0001630111408303,-0.0022450840478995815
1933312,0.0007934378532809,0.000121281734755,0.001168879425677,0.0004031240758195054
1935360,-0.0007196943130111,-0.0001483351166825,-0.0033706242378684,0.00036704088415717706
1937408,-0.0004541237256489,0.0009317299249232,0.001756227928854,0.0007665800574613967
1939456,0.000190041566384,-0.0001286149519728,-0.0015296996192773,-1.4532162458635866e-05
1941504,-2.3928633891046047e-05,0.0014816313167102,-0.0007637740192876,-5.549100314965472e-05
1943552,-0.0002212052990216,-5.297678362694569e-05,-0.0042862388210778,0.000659012232790701
1945600,-0.0010228415238088,0.0004283911228412,-0.0031052519349032,-0.002257335194735788
1947648,0.0011937156865315,-0.0001675826468272,0.0019518662891641,-0.002582913840888068
1949696,0.0006914293186127,-0.0001909831029479,-0.0005955403205007,0.0013019034639000892
1951744,-0.0008786799007793,-0.0016426745671196,-0.0017655522126005,0.00011057008523494006
1953792,-0.0006420782119676,-0.0003698089494719,0.0014560429088305,-0.000935072974243667
1955840,0.0006514225518913,0.00171969494113,-0.000237968158035,-0.00012114206911064684
1957888,-0.0001398105276166,-7.593549162265845e-05,0.0009247067951946,0.0007517167148762382
1959936,4.389972746139392e-05,-0.0015095562572241,-0.0010543974021857,-0.0002195120818214491
1961984,0.0003302554454421,-0.0020999224550905,-0.0016156367608346,0.00029920164379291234
1964032,1.7451187886763364e-05,-0.0005508303634996,-0.0029309066434507,-0.0016721112246159465
1966080,-0.0024136862586601,-0.0028267516507185,0.0014002580071974,-1.053705345839262e-05
1968128,-0.0008429288267507,0.0015463433010154,0.0022001490826369,0.00025857603031909093
1970176,0.0003177467660862,0.0001099323279049,-0.0013889278110582,-0.0009023028804222121
1972224,0.0001482464431319,-0.0015393112691526,0.0001830425986554,0.00043396952241891995
1974272,0.0001963189963134,0.0019218726170947,-0.0022748986040824,-0.00022123918752186
1976320,-0.0019604833185439,0.0005150322263943,-0.0001067384262569,-0.001106210057332646
1978368,-7.566523127024993e-05,0.0007150589124648,-0.0001033556080074,-0.0034642798142158425
1980416,-0.0010507069600862,-0.0001436010672478,0.0008369768198463,-0.0014580201241187751
1982464,-0.000411846449424,0.0007174877799116,0.0017348190405755,0.0005345034893252887
1984512,-2.5534383894409984e-05,-0.0024275425632367,-0.001974269170023,-0.0002957473130663857
1986560,-0.0030914766335627,0.0005188056427869,-0.0010288431658409,0.0013146575525752268
1988608,-0.0005326873055309,0.0005095310960314,0.0001919242247822,-0.0012824998324504123
1990656,0.0001017145783407,-0.0005083950192783,-0.0015227564530505,-0.0008876085848896764
1992704,-0.0010937733226455,-0.0003728010444319,7.569025183329359e-05,0.0014652403522632084
1994752,-0.0012874257590738,-0.0007179828811786,-0.0037928936610114,-0.000683018307609018
1996800,-0.000667855390202,-0.006033997554914,-0.0006022618457791,0.0009593139424396213
1998848,0.0005466544527735,0.0013536906597437,0.0038344797125319,-0.0011354235692124348
